address,start_date,end_date
0x07bF3CDA34aA78d92949bbDce31520714AB5b228,17-07-2024,21-10-2024
0x07Fda67513EC0897866098a11dC3858089D4A505,17-07-2024,21-10-2024
0xcf79C7EaEC5BDC1A9e32D099C5D6BdF67E4cF6e8,17-07-2024,21-10-2024
0x3B60e31CFC48a9074CD5bEbb26C9EAa77650a43F,17-07-2024,21-10-2024
0x69E271483C38ED4902a55C3Ea8AAb9e7cc8617E5,17-07-2024,21-10-2024
0x64FeD9e56B548343E7bb47c49ecd7FFa9f1A34FE,17-07-2024,21-10-2024
0x3DB5b38ef4b433D9C6A664Bd35551BE73313189A,17-07-2024,21-10-2024
0xe422d6C46a69e989BA6468CcD0435Cb0c5C243E3,17-07-2024,21-10-2024
0x5a5D9aB7b1bD978F80909503EBb828879daCa9C3,17-07-2024,21-10-2024
0x6Dc43be93a8b5Fd37dC16f24872BaBc6dA5E5e3E,17-07-2024,21-10-2024
0xeF32eb37f3E8B4bDDdF99879b23015F309ED7304,17-07-2024,21-10-2024
0xF68D2BfCecd7895BBa05a7451Dd09A1749026454,17-07-2024,21-10-2024
0x06F455e2C297a4Ae015191FA7A4A11C77c5b1b7c,17-07-2024,21-10-2024
0x75536CF4f01c2bFa528F5c74DdC1232Db3aF3Ee5,17-07-2024,21-10-2024
0x92Bf20563e747B2f8711549Be17A9d7B876c4053,17-07-2024,21-10-2024
0xAc469c5dF1CE6983fF925d00d1866Ab780D402A4,17-07-2024,21-10-2024
0x826976d7C600d45FB8287CA1d7c76FC8eb732030,17-07-2024,21-10-2024
0x9C949881084dCbd97237f786710aB8e52a457136,17-07-2024,21-10-2024
0x894Aa5F1E45454677A8560ddE3B45Cb5C427Ef92,17-07-2024,21-10-2024
0xBF430a49C4d85AeeD3908619D5387A1fbF8E74A9,17-07-2024,21-10-2024
0x73186b2A81952C2340c4eB2e74e89869E1183dF0,17-07-2024,21-10-2024
0x7fC80faD32Ec41fd5CfcC14EeE9C31953b6B4a8B,17-07-2024,21-10-2024
0x5d36a202687fD6Bd0f670545334bF0B4827Cc1E2,17-07-2024,21-10-2024
0x55aEd0ce035883626e536254dda2F23a5b5D977f,17-07-2024,21-10-2024
0x15C6AC4Cf1b5E49c44332Fb0a1043Ccab19db80a,17-07-2024,21-10-2024
0x66Da63B03feCA7Dd44a5bB023BB3645D3252Fa32,17-07-2024,21-10-2024
0x53e0B897EAE600B2F6855FCe4a42482E9229D2c2,17-07-2024,21-10-2024
0xDb150346155675dd0C93eFd960d5985244a34820,17-07-2024,21-10-2024
0xdb5781a835b60110298fF7205D8ef9678Ff1f800,17-07-2024,21-10-2024
0x839395e20bbB182fa440d08F850E6c7A8f6F0780,17-07-2024,21-10-2024
0x585639fBf797c1258eBA8875c080Eb63C833d252,17-07-2024,21-10-2024
0x396a34c10b11E33a4Bf6F3e6A419A23c54Ad34Fb,17-07-2024,21-10-2024
0x534631Bcf33BDb069fB20A93d2fdb9e4D4dD42CF,17-07-2024,21-10-2024
0x1F5D295778796a8b9f29600A585Ab73D452AcB1c,17-07-2024,21-10-2024
0xABF28f8D9adFB2255F4a059e37d3BcE9104969dB,17-07-2024,21-10-2024
0x1de2A056508E0D0dd88A88f1f5cdf9cfa510795c,17-07-2024,21-10-2024
0xF4B0556B9B6F53E00A1FDD2b0478Ce841991D8fA,17-07-2024,21-10-2024
0x288C53a1BA857EaD34AD0e79F644087F8174185a,17-07-2024,21-10-2024
0x12681667BB220521C222F50ECE5Eb752046bc144,17-07-2024,21-10-2024
0x8f07bc36ff569312FDC41F3867D80bBd2FE94b76,17-07-2024,21-10-2024
0x94Db037207F6fB697DBd33524aaDffD108819DC8,17-07-2024,21-10-2024
0x00409fC839a2Ec2e6d12305423d37Cd011279C09,17-07-2024,21-10-2024
0x1d3bf13f8f7A83390d03Db5E23A950778e1d1309,17-07-2024,21-10-2024
0x69DC230B06A15796e3f42bAF706e0e55d4D5eAA1,17-07-2024,21-10-2024
0x616caD18642F45d3fa5FCaaD0a2d81764A9cBa84,17-07-2024,21-10-2024
0xd35E119782059A27FEAd4EddA8B555f393650BC8,17-07-2024,21-10-2024
0x9934465Ee73BeAF148b1b3Ff232C8cD86c4c2c63,17-07-2024,21-10-2024
0xc2E2B715d9e302947Ec7e312fd2384b5a1296099,17-07-2024,21-10-2024
0xDc0A92c350A52b6583e235a57901B8731aF8B249,17-07-2024,21-10-2024
0x665d84FFFddd72D24Df555E6b065B833478DfFCa,17-07-2024,21-10-2024
0xDCF7bE2ff93E1a7671724598b1526F3A33B1eC25,17-07-2024,21-10-2024
0x5e349eca2dc61aBCd9dD99Ce94d04136151a09Ee,17-07-2024,21-10-2024
0xa142aB9eab9264807A41F0E5cbDab877D204E233,17-07-2024,21-10-2024
0xAC3A69DD4a8fEcC18b172Bfa9643D6b0863819c8,17-07-2024,21-10-2024
0x399e0Ae23663F27181Ebb4e66Ec504b3AAB25541,17-07-2024,21-10-2024
0x5554672e67bA866B9861701D0e0494AB324aD19A,17-07-2024,21-10-2024
0x29C4dbC1a81d06c9AA2fAed93Bb8B4a78F3eabDb,17-07-2024,21-10-2024
0x53C61cfb8128ad59244E8c1D26109252ACe23d14,17-07-2024,21-10-2024
0x91031DCFdEa024b4d51e775486111d2b2A715871,17-07-2024,21-10-2024
0x849151d7D0bF1F34b70d5caD5149D28CC2308bf1,17-07-2024,21-10-2024
0x34aA3F359A9D614239015126635CE7732c18fDF3,17-07-2024,21-10-2024
0xa3EaC0016f6581AC34768C0D4B99DDcd88071c3C,17-07-2024,21-10-2024
0x490C91F38Ec57E3ab00811e0C51A62BfED7e81F4,17-07-2024,21-10-2024
0xd31b671F1a398B519222FdAba5aB5464B9F2a3Fa,17-07-2024,21-10-2024
0x801707059a55D748b23b02043c71b7A3D976F071,17-07-2024,21-10-2024
0x17640d0D8C93bF710b6Ee4208997BB727B5B7bc2,17-07-2024,21-10-2024
0x1E6D9F536a5d1CC04fC13b3133EFdB90C8EE5ea1,17-07-2024,21-10-2024
0x7899d9b1181cbB427b0b1BE0684C096C260F7474,17-07-2024,21-10-2024
0x434F5325DdcdbBfcCE64bE2617c72c4Aa33Ec3E7,17-07-2024,21-10-2024
0x0331969e189D63fBc31D771Bb04Ab44227D748D8,17-07-2024,21-10-2024
0x9194eFdF03174a804f3552F4F7B7A4bB74BaDb7F,17-07-2024,21-10-2024
0xEee718c1e522ecB4b609265db7A83Ab48ea0B06f,17-07-2024,21-10-2024
0x23936429FC179dA0e1300644fB3B489c736D562F,17-07-2024,21-10-2024
0xe53e89d978Ff1da716f80BaA6E6D8B3FA23f2284,17-07-2024,21-10-2024
0x5555763613a12D8F3e73be831DFf8598089d3dCa,17-07-2024,21-10-2024
0x75cac0CEb8A39DdB4942A83AD2aAfaF0C2A3e13f,17-07-2024,21-10-2024
0x14276eB29e90541831cb94C80331484ae6D2A1D8,17-07-2024,21-10-2024
0xAeb99a255C3A243Ab3e4F654041e9BF5340cF313,17-07-2024,21-10-2024
0xDaDd7c883288Cfe2E257B0A361865E5e9349808b,17-07-2024,21-10-2024
0x60Ca282757BA67f3aDbF21F3ba2eBe4Ab3eb01fc,17-07-2024,21-10-2024
0x378c23B326504Df4d29c81BA6757F53b2c59f315,17-07-2024,21-10-2024
0xDd7a79b1b6e8Dd444F99d68a7D493A85556944a2,17-07-2024,21-10-2024
0xde2b6860cB3212A6a1f8f8628aBfe076723A4B39,17-07-2024,21-10-2024
0x57893e666BD15E886D74751B0879361A3383b57A,17-07-2024,21-10-2024
0x5872Ce037211233b9F6F5095c25988021f270C21,17-07-2024,21-10-2024
0xDcF09a83e9Cc4611b2215BFb7116BfAf5e906D3d,17-07-2024,21-10-2024
0x6EdA5aCafF7F5964E1EcC3FD61C62570C186cA0C,17-07-2024,21-10-2024
0x48A63097E1Ac123b1f5A8bbfFafA4afa8192FaB0,17-07-2024,21-10-2024
0xB0623C91c65621df716aB8aFE5f66656B21A9108,17-07-2024,21-10-2024
0x925aFeB19355E289ED1346EDE709633cA8788b25,17-07-2024,21-10-2024
0x146cfED833cC926B16B0dA9257E8A281c2add9F3,17-07-2024,21-10-2024
0x45a10F35BeFa4aB841c77860204b133118B7CcAE,17-07-2024,21-10-2024
0x8Eb9e5E5375b72eE7c5cb786CE8564D854C26A86,17-07-2024,21-10-2024
0x308fedfb88F6E85F27b85c8011cCb9b5e15BCbF7,17-07-2024,21-10-2024
0xad4f365A550835D40dc2E95FDffa1E4edd3FBE14,17-07-2024,21-10-2024
0x60Fa1C89819c807C25d2B388117099Fde74C9cb3,17-07-2024,21-10-2024
0xfb0a98121C3939657e59f835c66cFE20ABb0Cd4f,17-07-2024,21-10-2024
